economy,year,new_displacements
AB9,2018,2
AB9,2019,40000
AB9,2022,29000
AB9,2023,1000
AB9,2024,14600
AFG,2010,70000
AFG,2011,3000
AFG,2012,24940
AFG,2013,15210
AFG,2014,13180
AFG,2015,13980
AFG,2016,5460
AFG,2017,26834
AFG,2018,426397
AFG,2019,116471
AFG,2020,49232
AFG,2021,24979
AFG,2022,73326
AFG,2023,37161
AFG,2024,1016686
AGO,2010,78900
AGO,2011,227500
AGO,2012,6380
AGO,2013,2400
AGO,2015,5580
AGO,2016,19000
AGO,2017,13914
AGO,2018,11058
AGO,2019,6684
AGO,2020,24572
AGO,2021,21285
AGO,2022,1786
AGO,2023,79387
AGO,2024,85582
AIA,2017,500
ALB,2013,452
ALB,2014,24
ALB,2015,4200
ALB,2016,3029
ALB,2017,3500
ALB,2018,108
ALB,2021,250
ALB,2022,320
ALB,2023,13
ALB,2024,9
AND,2024,5
ARE,2017,840
ARE,2019,210
ARE,2020,600
ARE,2024,2070
ARG,2012,2000
ARG,2013,6300
ARG,2014,32100
ARG,2015,36020
ARG,2016,12540
ARG,2017,17858
ARG,2018,16072
ARG,2019,22618
ARG,2020,3705
ARG,2021,707
ARG,2022,735
ARG,2023,9843
ARG,2024,13845
ARM,2024,520
ASM,2018,4600
ASM,2020,390
ASM,2022,59
ATG,2017,1400
ATG,2023,300
AUS,2010,1000
AUS,2011,10000
AUS,2012,16000
AUS,2013,12732
AUS,2014,1171
AUS,2015,5711
AUS,2016,3238
AUS,2017,30939
AUS,2018,11258
AUS,2019,24754
AUS,2020,51893
AUS,2021,48934
AUS,2022,17287
AUS,2023,4674
AUS,2024,32177
AUT,2013,1000
AUT,2016,251
AUT,2019,273
AUT,2021,67
AUT,2023,670
AUT,2024,4085
AZE,2010,32000
AZE,2018,390
AZE,2022,190
AZE,2023,1702
AZE,2024,101
BDI,2010,1500
BDI,2014,12000
BDI,2015,3100
BDI,2016,6600
BDI,2017,10903
BDI,2018,36086
BDI,2019,27065
BDI,2020,51698
BDI,2021,64079
BDI,2022,12866
BDI,2023,20716
BDI,2024,59867
BEL,2018,50
BEL,2019,10
BEL,2021,16400
BEL,2022,101
BEL,2023,100
BEL,2024,49
BEN,2010,275000
BEN,2012,10000
BEN,2013,15410
BEN,2016,960
BEN,2017,3500
BEN,2018,22094
BEN,2019,5000
BEN,2020,7020
BEN,2021,10000
BEN,2022,6900
BEN,2024,3700
BFA,2010,20000
BFA,2013,1800
BFA,2015,3700
BFA,2016,16000
BFA,2017,8250
BFA,2018,5160
BFA,2020,20000
BFA,2022,2400
BFA,2023,24600
BFA,2024,4000
BGD,2010,569000
BGD,2011,400000
BGD,2012,651000
BGD,2013,1159400
BGD,2014,543000
BGD,2015,530400
BGD,2016,614000
BGD,2017,946130
BGD,2018,77540
BGD,2019,4083580
BGD,2020,4443259
BGD,2021,98751
BGD,2022,1524068
BGD,2023,1790796
BGD,2024,2402068
BGR,2012,2100
BGR,2014,2300
BGR,2015,820
BGR,2016,24
BGR,2017,22
BGR,2018,50
BGR,2021,25
BGR,2022,900
BGR,2023,252
BGR,2024,785
BHS,2015,2800
BHS,2016,3500
BHS,2017,1600
BHS,2018,230
BHS,2019,18000
BHS,2024,30
BIH,2014,90640
BIH,2015,320
BIH,2019,275
BIH,2020,900
BIH,2021,310
BIH,2022,58
BIH,2023,120
BIH,2024,455
BLR,2023,48
BLR,2024,440
BLZ,2013,130
BLZ,2015,250
BLZ,2016,3500
BLZ,2020,6290
BLZ,2022,5140
BLZ,2024,2668
BMU,2020,50
BOL,2010,100300
BOL,2011,11000
BOL,2012,9000
BOL,2013,4700
BOL,2014,190191
BOL,2015,11290
BOL,2016,7000
BOL,2017,3016
BOL,2018,2403
BOL,2019,76340
BOL,2020,13356
BOL,2021,903
BOL,2022,2976
BOL,2023,3843
BOL,2024,17913
BRA,2010,230000
BRA,2011,169500
BRA,2012,35000
BRA,2013,81700
BRA,2014,149900
BRA,2015,59500
BRA,2016,14000
BRA,2017,70500
BRA,2018,85600
BRA,2019,293279
BRA,2020,357307
BRA,2021,414217
BRA,2022,705376
BRA,2023,743700
BRA,2024,1123391
BRB,2016,90
BRB,2019,100
BRB,2021,380
BRB,2023,29
BRB,2024,400
BRN,2014,51
BRN,2017,94
BTN,2015,2900
BTN,2016,640
BTN,2020,120
BTN,2024,160
BWA,2013,1200
BWA,2014,2000
BWA,2015,250
BWA,2017,2000
BWA,2018,1600
BWA,2020,780
BWA,2023,99
BWA,2024,1000
CAF,2012,17900
CAF,2013,14500
CAF,2014,950
CAF,2015,1100
CAF,2016,7430
CAF,2017,2900
CAF,2018,9220
CAF,2019,101838
CAF,2020,15002
CAF,2021,23440
CAF,2022,77700
CAF,2023,69982
CAF,2024,19140
CAN,2013,120240
CAN,2014,5800
CAN,2015,13300
CAN,2016,92806
CAN,2017,85500
CAN,2018,18833
CAN,2019,41546
CAN,2020,25674
CAN,2021,59935
CAN,2022,14646
CAN,2023,193338
CAN,2024,45712
CHE,2013,13
CHE,2015,360
CHE,2017,160
CHE,2018,18
CHE,2019,10
CHE,2020,13
CHE,2021,145
CHE,2022,66
CHE,2023,342
CHE,2024,968
CHL,2012,300
CHL,2013,1200
CHL,2014,12345
CHL,2015,37100
CHL,2016,620
CHL,2017,9056
CHL,2018,2590
CHL,2019,3854
CHL,2020,3448
CHL,2021,1658
CHL,2022,1542
CHL,2023,44373
CHL,2024,12478
CHN,2010,15789520
CHN,2011,4265200
CHN,2012,5475900
CHN,2013,4914200
CHN,2014,3145490
CHN,2015,3572281
CHN,2016,7390665
CHN,2017,4388272
CHN,2018,3983493
CHN,2019,3933070
CHN,2020,5058845
CHN,2021,5822046
CHN,2022,3495857
CHN,2023,4573773
CHN,2024,3907250
CIV,2013,78
CIV,2014,4500
CIV,2018,3158
CIV,2019,716
CIV,2020,1890
CIV,2022,2500
CIV,2023,1200
CIV,2024,2619
CMR,2010,3000
CMR,2012,30000
CMR,2013,10000
CMR,2014,3500
CMR,2015,11260
CMR,2019,24039
CMR,2020,115600
CMR,2021,1800
CMR,2022,66000
CMR,2023,2952
CMR,2024,260907
COD,2010,98300
COD,2011,11600
COD,2012,23000
COD,2013,3820
COD,2014,24590
COD,2015,106508
COD,2016,129600
COD,2017,27411
COD,2018,81557
COD,2019,235790
COD,2020,279167
COD,2021,288260
COD,2022,424416
COD,2023,133411
COD,2024,749598
COG,2019,166002
COG,2021,6700
COG,2022,42000
COG,2023,158120
COK,2010,650
COK,2016,6
COK,2021,12
COK,2022,7
COL,2010,3000000
COL,2011,149000
COL,2012,64000
COL,2013,9187
COL,2014,7518
COL,2015,4529
COL,2016,31210
COL,2017,24730
COL,2018,66793
COL,2019,35749
COL,2020,63518
COL,2021,31191
COL,2022,281129
COL,2023,349447
COL,2024,91719
COM,2012,11000
COM,2014,9000
COM,2017,94
COM,2019,19000
COM,2024,1022
CPV,2015,190
CPV,2020,750
CRI,2011,2100
CRI,2012,2000
CRI,2013,45
CRI,2015,1100
CRI,2016,5772
CRI,2017,21341
CRI,2018,5699
CRI,2019,389
CRI,2020,4258
CRI,2021,287
CRI,2022,1620
CRI,2023,290
CRI,2024,6044
CUB,2012,351500
CUB,2015,2000
CUB,2016,1079000
CUB,2017,1738000
CUB,2018,52820
CUB,2019,9900
CUB,2020,639643
CUB,2021,194000
CUB,2022,89900
CUB,2023,42070
CUB,2024,480030
CYM,2021,41
CYM,2024,110
CYP,2016,40
CYP,2018,8
CYP,2021,59
CYP,2022,54
CYP,2023,57
CYP,2024,1492
CZE,2013,26000
CZE,2018,12
CZE,2020,43
CZE,2021,2820
CZE,2023,64
CZE,2024,21036
DEU,2013,53000
DEU,2016,2000
DEU,2017,218
DEU,2018,509
DEU,2019,680
DEU,2020,2
DEU,2021,17290
DEU,2022,630
DEU,2023,3340
DEU,2024,6950
DJI,2018,9400
DJI,2019,10000
DJI,2020,11
DJI,2022,6100
DJI,2024,430
DMA,2011,96
DMA,2013,18
DMA,2015,710
DMA,2017,35000
DMA,2018,346
DNK,2022,20
DNK,2023,523
DNK,2024,8
DOM,2011,16900
DOM,2012,43200
DOM,2013,14230
DOM,2014,11450
DOM,2015,27810
DOM,2016,94000
DOM,2017,69200
DOM,2018,27560
DOM,2019,4900
DOM,2020,30900
DOM,2021,10380
DOM,2022,54240
DOM,2023,41405
DOM,2024,3800
DZA,2013,340
DZA,2015,19300
DZA,2016,2000
DZA,2018,19
DZA,2019,3202
DZA,2020,46
DZA,2021,6649
DZA,2022,2000
DZA,2023,22624
DZA,2024,14918
ECU,2010,500
ECU,2012,4800
ECU,2013,7300
ECU,2014,560
ECU,2015,1500
ECU,2016,17311
ECU,2017,2922
ECU,2018,1148
ECU,2019,1502
ECU,2020,1200
ECU,2021,4864
ECU,2022,1052
ECU,2023,15052
ECU,2024,4397
EGY,2014,200
EGY,2015,100
EGY,2016,820
EGY,2018,8
EGY,2020,8400
EGY,2021,1100
EGY,2023,8
ERI,2013,100
ESP,2012,22000
ESP,2013,2590
ESP,2014,3799
ESP,2015,4160
ESP,2016,10790
ESP,2017,7303
ESP,2018,5092
ESP,2019,28433
ESP,2020,7826
ESP,2021,9257
ESP,2022,33959
ESP,2023,28316
ESP,2024,13700
ETH,2010,10000
ETH,2012,20000
ETH,2013,61500
ETH,2014,49440
ETH,2015,101070
ETH,2016,347000
ETH,2017,433970
ETH,2018,295650
ETH,2019,503602
ETH,2020,663700
ETH,2021,239910
ETH,2022,872590
ETH,2023,617122
ETH,2024,217831
FIN,2013,30
FIN,2018,51
FIN,2022,8
FIN,2023,2
FIN,2024,11
FJI,2010,18000
FJI,2012,27000
FJI,2014,800
FJI,2016,76100
FJI,2017,350
FJI,2018,10000
FJI,2019,5582
FJI,2020,36135
FJI,2021,14019
FJI,2022,4744
FJI,2023,6750
FJI,2024,763
FRA,2010,4500
FRA,2013,6696
FRA,2014,4102
FRA,2015,120
FRA,2016,190
FRA,2017,21300
FRA,2018,6351
FRA,2019,4118
FRA,2020,10309
FRA,2021,9068
FRA,2022,44589
FRA,2023,7395
FRA,2024,3966
FSM,2015,6800
FSM,2023,5
GAB,2012,1600
GAB,2013,1760
GAB,2017,8
GAB,2020,2
GAB,2023,900
GAB,2024,18
GBR,2012,300
GBR,2013,20252
GBR,2014,620
GBR,2015,6100
GBR,2016,1169
GBR,2017,6189
GBR,2018,168
GBR,2019,11977
GBR,2020,7875
GBR,2021,512
GBR,2022,1870
GBR,2023,4629
GBR,2024,1403
GEO,2013,1500
GEO,2014,120
GEO,2015,1234
GEO,2018,304
GEO,2020,160
GEO,2021,85
GEO,2022,330
GEO,2023,846
GEO,2024,295
GHA,2011,49000
GHA,2013,30600
GHA,2015,9300
GHA,2016,7000
GHA,2017,23182
GHA,2018,61240
GHA,2019,15942
GHA,2020,1950
GHA,2021,12030
GHA,2022,2738
GHA,2023,46520
GHA,2024,1820
GIN,2011,4500
GIN,2013,300
GIN,2015,34570
GIN,2016,483
GIN,2017,718
GIN,2018,3800
GIN,2019,18
GIN,2020,2390
GIN,2021,2600
GIN,2022,340
GIN,2023,35000
GIN,2024,5160
GLP,2022,140
GMB,2010,25000
GMB,2012,7700
GMB,2013,400
GMB,2016,4600
GMB,2017,878
GMB,2019,4000
GMB,2020,17600
GMB,2021,2390
GMB,2022,7000
GMB,2023,5300
GMB,2024,7500
GNB,2010,2000
GNB,2018,3700
GNB,2019,410
GNB,2024,1000
GRC,2013,60
GRC,2015,270
GRC,2016,2921
GRC,2018,9212
GRC,2019,2800
GRC,2020,11947
GRC,2021,58656
GRC,2022,710
GRC,2023,125838
GRC,2024,60351
GRD,2017,146
GRD,2018,27
GRD,2019,26
GRD,2024,3100
GRL,2018,170
GTM,2010,163000
GTM,2011,29100
GTM,2014,480
GTM,2015,2850
GTM,2016,1710
GTM,2017,44920
GTM,2018,9820
GTM,2019,20500
GTM,2020,338510
GTM,2021,15384
GTM,2022,73139
GTM,2023,46941
GTM,2024,80992
GUF,2020,140
GUM,2018,2390
GUM,2019,449
GUM,2023,1540
GUY,2017,195
GUY,2018,168
GUY,2021,220
GUY,2022,120
GUY,2023,40
GUY,2024,32
HKG,2016,220
HKG,2017,3290
HKG,2018,1400
HKG,2019,200
HKG,2020,160
HKG,2021,400
HKG,2022,328
HKG,2023,1260
HKG,2024,390
HND,2010,8000
HND,2011,12000
HND,2014,2500
HND,2015,2020
HND,2016,739
HND,2018,17450
HND,2019,386
HND,2020,937280
HND,2021,267
HND,2022,45529
HND,2023,5556
HND,2024,20274
HRV,2014,18000
HRV,2015,1010
HRV,2017,233
HRV,2018,139
HRV,2022,100
HRV,2023,86
HRV,2024,7
HTI,2010,73000
HTI,2011,500
HTI,2012,86100
HTI,2013,1100
HTI,2014,6500
HTI,2015,1500
HTI,2016,355708
HTI,2017,15040
HTI,2018,225
HTI,2019,1207
HTI,2020,12960
HTI,2021,560
HTI,2022,11267
HTI,2023,9600
HTI,2024,4803
HUN,2013,1300
HUN,2014,296
HUN,2017,96
HUN,2019,110
HUN,2020,14
HUN,2023,66
HUN,2024,8
IDN,2010,230
IDN,2011,2000
IDN,2012,103230
IDN,2013,316987
IDN,2014,764284
IDN,2015,169683
IDN,2016,1186612
IDN,2017,210270
IDN,2018,80916
IDN,2019,168808
IDN,2020,691472
IDN,2021,625045
IDN,2022,139789
IDN,2023,202947
IDN,2024,441606
IMN,2023,5
IND,2010,1411000
IND,2011,1428000
IND,2012,9110000
IND,2013,2088000
IND,2014,3426770
IND,2015,3629931
IND,2016,2389540
IND,2017,1346140
IND,2018,2675129
IND,2019,5016410
IND,2020,3856784
IND,2021,4902636
IND,2022,2505930
IND,2023,523176
IND,2024,5429025
IRL,2015,1600
IRL,2017,62
IRL,2020,51
IRL,2021,25
IRL,2022,26
IRL,2023,17
IRL,2024,7
IRN,2013,2200
IRN,2015,5400
IRN,2016,78
IRN,2017,21012
IRN,2018,25546
IRN,2019,505120
IRN,2020,37397
IRN,2021,16230
IRN,2022,30300
IRN,2023,18611
IRN,2024,22284
IRQ,2011,2000
IRQ,2013,7900
IRQ,2015,22000
IRQ,2018,63620
IRQ,2019,37000
IRQ,2020,1240
IRQ,2021,9500
IRQ,2022,51000
IRQ,2023,36790
IRQ,2024,45930
ISL,2017,120
ISL,2020,590
ISL,2021,219
ISL,2022,56
ISL,2023,920
ISL,2024,5
ISR,2013,200
ISR,2014,700
ISR,2016,75210
ISR,2018,80
ISR,2019,1230
ISR,2020,10394
ISR,2021,3870
ISR,2023,42
ITA,2012,800
ITA,2013,2700
ITA,2014,1600
ITA,2015,1321
ITA,2016,950
ITA,2017,2053
ITA,2018,2684
ITA,2019,3100
ITA,2020,1948
ITA,2021,2344
ITA,2022,3953
ITA,2023,42176
ITA,2024,8612
JAM,2012,2000
JAM,2016,7024
JAM,2017,29
JAM,2018,7
JAM,2020,2
JAM,2021,16
JAM,2024,1800
JEY,2023,84
JOR,2013,420
JOR,2017,160
JOR,2018,2000
JOR,2019,46
JOR,2020,140
JOR,2023,339
JPN,2010,85000
JPN,2011,400000
JPN,2012,308000
JPN,2013,638613
JPN,2014,707014
JPN,2015,484926
JPN,2016,663444
JPN,2017,20770
JPN,2018,130107
JPN,2019,263641
JPN,2020,186000
JPN,2021,13035
JPN,2022,48721
JPN,2023,8430
JPN,2024,45994
KAZ,2010,5000
KAZ,2011,9000
KAZ,2012,5100
KAZ,2013,330
KAZ,2015,19000
KAZ,2016,1000
KAZ,2017,7100
KAZ,2018,400
KAZ,2020,32000
KAZ,2021,141
KAZ,2022,3971
KAZ,2023,1751
KAZ,2024,120053
KEN,2010,53500
KEN,2011,19000
KEN,2012,97910
KEN,2013,180600
KEN,2014,1400
KEN,2015,105590
KEN,2016,49000
KEN,2017,35616
KEN,2018,336758
KEN,2019,74048
KEN,2020,335326
KEN,2021,36202
KEN,2022,316298
KEN,2023,641004
KEN,2024,314641
KGZ,2015,121
KGZ,2016,39
KGZ,2017,220
KGZ,2018,4710
KGZ,2021,116
KGZ,2022,1720
KGZ,2023,47
KGZ,2024,4602
KHM,2010,32000
KHM,2011,214000
KHM,2013,144450
KHM,2014,148910
KHM,2015,8802
KHM,2016,8250
KHM,2017,15093
KHM,2018,37169
KHM,2019,69878
KHM,2020,66480
KHM,2021,14653
KHM,2022,28631
KHM,2023,46188
KHM,2024,10600
KIR,2015,2500
KNA,2017,33
KOR,2011,5500
KOR,2013,4225
KOR,2016,7456
KOR,2017,3020
KOR,2018,1084
KOR,2019,5590
KOR,2020,19245
KOR,2021,2774
KOR,2022,30556
KOR,2023,40313
KOR,2024,10526
KWT,2022,14
LAO,2011,50000
LAO,2013,9950
LAO,2014,790
LAO,2015,12049
LAO,2016,660
LAO,2017,190
LAO,2018,19020
LAO,2019,102000
LAO,2020,12004
LAO,2021,5
LAO,2022,560
LAO,2023,1100
LAO,2024,3400
LBN,2014,1300
LBN,2015,110
LBN,2019,4300
LBN,2021,847
LBN,2022,35
LBN,2023,172
LBN,2024,2332
LBR,2014,650
LBR,2016,10000
LBR,2017,970
LBR,2018,15100
LBR,2019,600
LBR,2020,3710
LBR,2023,14320
LBR,2024,22000
LBY,2013,3000
LBY,2019,4600
LBY,2021,1200
LBY,2023,52470
LBY,2024,12700
LCA,2013,1200
LCA,2016,260
LCA,2019,25
LCA,2022,560
LCA,2024,27
LKA,2010,141380
LKA,2011,684810
LKA,2012,129300
LKA,2013,323965
LKA,2014,151800
LKA,2015,65570
LKA,2016,500200
LKA,2017,135320
LKA,2018,112831
LKA,2019,86853
LKA,2020,19347
LKA,2021,121240
LKA,2022,10874
LKA,2023,16406
LKA,2024,83155
LSO,2010,5000
LSO,2011,3400
LSO,2014,2600
LSO,2018,1400
LSO,2021,730
LSO,2023,770
LTU,2024,4
LUX,2019,190
LUX,2020,2
LUX,2021,560
LVA,2018,24
LVA,2022,27
LVA,2024,6
MAC,2018,5600
MAC,2020,2823
MAC,2021,37
MAC,2023,3113
MAF,2017,11000
MAR,2010,15000
MAR,2014,1700
MAR,2019,202
MAR,2020,340
MAR,2021,10
MAR,2022,9500
MAR,2023,310
MAR,2024,273
MDA,2024,166
MDG,2010,38000
MDG,2011,26000
MDG,2012,268000
MDG,2013,20000
MDG,2014,2800
MDG,2015,86800
MDG,2016,51000
MDG,2017,248200
MDG,2018,76898
MDG,2019,22737
MDG,2020,74380
MDG,2021,20840
MDG,2022,290470
MDG,2023,117823
MDG,2024,59497
MDV,2017,76
MDV,2018,20
MDV,2019,294
MDV,2022,370
MDV,2023,54
MDV,2024,243
MEX,2010,900300
MEX,2011,546800
MEX,2012,2500
MEX,2013,158330
MEX,2014,18300
MEX,2015,90460
MEX,2016,11516
MEX,2017,2710
MEX,2018,20170
MEX,2019,14383
MEX,2020,101191
MEX,2021,18637
MEX,2022,7704
MEX,2023,195892
MEX,2024,52820
MHL,2014,1200
MHL,2019,200
MHL,2022,28
MHL,2024,315
MKD,2013,1600
MKD,2018,50
MKD,2021,80
MKD,2024,2
MLI,2010,5800
MLI,2011,18000
MLI,2012,9000
MLI,2013,23500
MLI,2015,400
MLI,2016,8000
MLI,2017,6800
MLI,2018,19000
MLI,2019,6690
MLI,2020,7400
MLI,2021,6000
MLI,2022,24000
MLI,2023,1260
MLI,2024,30150
MMR,2010,106100
MMR,2011,10000
MMR,2012,48000
MMR,2013,223000
MMR,2014,80822
MMR,2015,1618500
MMR,2016,508840
MMR,2017,351280
MMR,2018,297586
MMR,2019,269333
MMR,2020,49158
MMR,2021,158835
MMR,2022,13236
MMR,2023,995250
MMR,2024,524821
MNE,2010,1400
MNE,2012,800
MNE,2016,400
MNE,2017,2
MNE,2023,1
MNG,2015,810
MNG,2018,5940
MNG,2019,13
MNG,2020,4200
MNG,2021,6300
MNG,2022,75
MNG,2023,3866
MNG,2024,892
MNP,2018,14122
MNP,2019,873
MNP,2023,1110
MOZ,2010,130000
MOZ,2011,22000
MOZ,2012,10000
MOZ,2013,186000
MOZ,2014,21200
MOZ,2015,61000
MOZ,2016,7000
MOZ,2017,170100
MOZ,2018,30840
MOZ,2019,505900
MOZ,2020,48449
MOZ,2021,43180
MOZ,2022,113000
MOZ,2023,655540
MOZ,2024,585489
MRT,2010,5000
MRT,2013,4620
MRT,2017,2900
MRT,2018,440
MRT,2019,6600
MRT,2020,1600
MRT,2022,23000
MRT,2023,1100
MRT,2024,12000
MTQ,2019,2
MUS,2015,1400
MUS,2016,300
MUS,2017,100
MUS,2018,3600
MUS,2019,1021
MUS,2020,113
MUS,2022,140
MUS,2023,2360
MUS,2024,2310
MWI,2011,25000
MWI,2012,6200
MWI,2013,33000
MWI,2014,600
MWI,2015,343000
MWI,2016,9500
MWI,2017,84590
MWI,2018,20304
MWI,2019,116738
MWI,2020,30412
MWI,2021,600
MWI,2022,297000
MWI,2023,659740
MWI,2024,65186
MYS,2010,65000
MYS,2011,24000
MYS,2012,22000
MYS,2013,43000
MYS,2014,255610
MYS,2015,21050
MYS,2016,18404
MYS,2017,82088
MYS,2018,38625
MYS,2019,63823
MYS,2020,23404
MYS,2021,128228
MYS,2022,156269
MYS,2023,205686
MYS,2024,235462
MYT,2019,10450
MYT,2024,142000
NAM,2010,11000
NAM,2011,60000
NAM,2012,400
NAM,2013,18000
NAM,2014,163
NAM,2015,8
NAM,2017,3330
NAM,2018,13
NAM,2019,2
NAM,2020,200
NAM,2021,260
NAM,2023,588
NAM,2024,1442
NCL,2017,570
NCL,2018,48
NCL,2020,31
NCL,2021,5498
NCL,2022,167
NER,2010,205600
NER,2011,28000
NER,2012,540000
NER,2013,201000
NER,2014,47000
NER,2015,38000
NER,2016,46000
NER,2017,188500
NER,2018,40000
NER,2019,121000
NER,2020,276100
NER,2021,125000
NER,2022,248000
NER,2023,95400
NER,2024,1172000
NGA,2010,560000
NGA,2011,6300
NGA,2012,3894000
NGA,2013,117000
NGA,2014,3010
NGA,2015,100600
NGA,2016,78050
NGA,2017,122000
NGA,2018,613330
NGA,2019,157092
NGA,2020,279934
NGA,2021,24000
NGA,2022,2437000
NGA,2023,164784
NGA,2024,1246263
NIC,2010,61000
NIC,2011,10000
NIC,2013,160
NIC,2014,32830
NIC,2015,1020
NIC,2016,17282
NIC,2017,19590
NIC,2018,6940
NIC,2019,576
NIC,2020,392751
NIC,2022,16000
NIC,2023,658
NIC,2024,2511
NLD,2020,4003
NLD,2021,51000
NLD,2024,63
NOR,2014,680
NOR,2015,220
NOR,2016,260
NOR,2017,220
NOR,2019,620
NOR,2020,1018
NOR,2021,775
NOR,2022,169
NOR,2023,5803
NOR,2024,587
NPL,2012,600
NPL,2013,12000
NPL,2014,74000
NPL,2015,95
NPL,2016,31000
NPL,2017,383942
NPL,2018,12099
NPL,2019,121007
NPL,2020,48011
NPL,2021,33366
NPL,2022,89198
NPL,2023,1118
NPL,2024,56425
NZL,2012,450
NZL,2013,210
NZL,2015,440
NZL,2016,285
NZL,2017,6250
NZL,2018,989
NZL,2019,1295
NZL,2020,4984
NZL,2021,4373
NZL,2022,2714
NZL,2023,14096
NZL,2024,1672
OMN,2013,350
OMN,2017,320
OMN,2018,10000
OMN,2019,1080
OMN,2020,118
OMN,2021,5210
OMN,2022,45
OMN,2023,4500
OMN,2024,1640
PAK,2010,11060000
PAK,2011,300000
PAK,2012,1857000
PAK,2013,124000
PAK,2014,758717
PAK,2015,335760
PAK,2016,12700
PAK,2017,1750
PAK,2018,1906
PAK,2019,44919
PAK,2020,826472
PAK,2021,2028
PAK,2022,8167424
PAK,2023,732220
PAK,2024,169454
PAN,2012,3400
PAN,2013,1715
PAN,2014,323
PAN,2015,100
PAN,2016,1055
PAN,2017,300
PAN,2019,32
PAN,2020,3706
PAN,2021,2210
PAN,2022,460
PAN,2023,26
PAN,2024,2165
PER,2010,10000
PER,2011,1000
PER,2012,170171
PER,2013,26980
PER,2014,528
PER,2015,8480
PER,2016,14643
PER,2017,294965
PER,2018,4702
PER,2019,4722
PER,2020,8426
PER,2021,3500
PER,2022,18322
PER,2023,186596
PER,2024,46539
PHL,2010,1001790
PHL,2011,2497528
PHL,2012,3671000
PHL,2013,6671075
PHL,2014,5736130
PHL,2015,2220620
PHL,2016,5930911
PHL,2017,2427146
PHL,2018,3712043
PHL,2019,4080852
PHL,2020,3942054
PHL,2021,5691949
PHL,2022,5236424
PHL,2023,2132610
PHL,2024,8952082
PLW,2012,150
PLW,2013,1500
PLW,2021,2460
PNG,2012,75000
PNG,2013,46
PNG,2014,18900
PNG,2016,1610
PNG,2017,500
PNG,2019,7724
PNG,2020,3935
PNG,2021,1455
PNG,2022,4587
PNG,2024,28690
POL,2010,30000
POL,2019,18
POL,2020,422
POL,2021,118
POL,2024,44000
PRI,2017,88190
PRI,2018,400
PRI,2019,240
PRI,2020,119
PRI,2022,49300
PRI,2024,340
PRK,2010,28000
PRK,2011,25000
PRK,2012,232000
PRK,2013,82000
PRK,2015,6000
PRK,2016,107000
PRK,2018,69000
PRK,2019,6400
PRK,2020,5300
PRK,2021,5000
PRK,2022,200
PRK,2024,13000
PRT,2015,10
PRT,2016,1052
PRT,2017,6790
PRT,2018,408
PRT,2019,648
PRT,2020,28
PRT,2021,34
PRT,2022,2482
PRT,2023,1779
PRT,2024,699
PRY,2013,28000
PRY,2014,84000
PRY,2015,171400
PRY,2016,3600
PRY,2017,9760
PRY,2018,30410
PRY,2019,54320
PRY,2020,5
PRY,2023,16160
PRY,2024,8543
PSE,2010,500
PSE,2012,1200
PSE,2013,10650
PSE,2014,200
PSE,2015,10000
PSE,2016,510
PSE,2017,77
PSE,2019,2
PSE,2020,102
PSE,2022,250
PYF,2010,3500
PYF,2017,1100
PYF,2019,30
PYF,2020,27
PYF,2022,17
PYF,2024,21
REU,2021,14
REU,2023,80
REU,2024,700
ROU,2014,2240
ROU,2015,160
ROU,2016,1480
ROU,2018,1210
ROU,2019,460
ROU,2020,285
ROU,2021,416
ROU,2022,160
ROU,2023,51
ROU,2024,6502
RUS,2010,22400
RUS,2011,3500
RUS,2012,31830
RUS,2013,29410
RUS,2014,23310
RUS,2015,6600
RUS,2016,3631
RUS,2017,7080
RUS,2018,3569
RUS,2019,11721
RUS,2020,243
RUS,2021,5550
RUS,2022,2707
RUS,2023,14862
RUS,2024,43737
RWA,2010,5900
RWA,2011,1900
RWA,2012,3200
RWA,2013,1030
RWA,2015,2010
RWA,2016,9700
RWA,2017,5005
RWA,2018,47000
RWA,2019,11506
RWA,2020,5960
RWA,2021,1628
RWA,2022,7780
RWA,2023,69000
RWA,2024,58215
SAU,2011,8200
SAU,2013,4700
SAU,2016,280
SAU,2017,100
SAU,2018,2045
SAU,2019,423
SAU,2020,606
SDN,2010,20000
SDN,2011,19000
SDN,2012,84000
SDN,2013,284000
SDN,2014,187000
SDN,2015,8300
SDN,2016,123000
SDN,2017,53800
SDN,2018,121000
SDN,2019,272000
SDN,2020,454000
SDN,2021,98330
SDN,2022,104700
SDN,2023,57570
SDN,2024,199215
SEN,2010,7800
SEN,2011,1600
SEN,2012,20000
SEN,2013,13000
SEN,2016,24000
SEN,2017,630
SEN,2018,2
SEN,2019,4440
SEN,2020,3300
SEN,2021,1322
SEN,2022,12000
SEN,2024,56560
SLB,2010,5000
SLB,2012,1047
SLB,2014,9000
SLB,2015,1000
SLB,2017,580
SLB,2018,1055
SLB,2019,31
SLB,2020,321
SLB,2023,640
SLE,2013,8500
SLE,2017,12000
SLE,2019,5300
SLE,2022,800
SLE,2024,1130
SLV,2010,16000
SLV,2011,60000
SLV,2015,2000
SLV,2016,478
SLV,2017,390
SLV,2018,2108
SLV,2019,1927
SLV,2020,16494
SLV,2021,551
SLV,2022,4610
SLV,2023,1700
SLV,2024,5189
SOM,2010,5200
SOM,2012,28000
SOM,2013,59500
SOM,2014,36040
SOM,2015,59420
SOM,2016,70000
SOM,2017,892410
SOM,2018,547140
SOM,2019,476082
SOM,2020,1037200
SOM,2021,271353
SOM,2022,1151161
SOM,2023,2041961
SOM,2024,156068
SRB,2010,3000
SRB,2013,194
SRB,2014,33360
SRB,2016,39
SRB,2017,42
SRB,2018,125
SRB,2019,292
SRB,2020,880
SRB,2021,34
SRB,2022,1
SRB,2023,404
SRB,2024,1
SSD,2012,340000
SSD,2013,116000
SSD,2014,112500
SSD,2015,15000
SSD,2017,74980
SSD,2018,6602
SSD,2019,294990
SSD,2020,442600
SSD,2021,506000
SSD,2022,595640
SSD,2023,167556
SSD,2024,423292
STP,2021,500
STP,2022,240
SUR,2013,300
SUR,2017,6000
SUR,2021,6500
SUR,2022,1500
SVK,2018,270
SVK,2020,60
SVK,2023,42
SVK,2024,120
SVN,2018,336
SVN,2022,500
SVN,2023,8147
SVN,2024,20
SWE,2014,1000
SWE,2015,100
SWE,2018,126
SWE,2019,47
SWZ,2018,111
SWZ,2021,100
SWZ,2022,360
SWZ,2024,417
SXM,2017,13000
SYC,2013,1100
SYC,2014,7
SYC,2016,20
SYR,2014,2300
SYR,2017,2300
SYR,2018,26611
SYR,2019,16800
SYR,2020,25000
SYR,2021,87200
SYR,2022,20580
SYR,2023,24230
TCA,2016,100
TCA,2017,60
TCA,2022,160
TCD,2010,70000
TCD,2012,500000
TCD,2013,89000
TCD,2014,9900
TCD,2016,5600
TCD,2018,2000
TCD,2019,31170
TCD,2020,71780
TCD,2021,24141
TCD,2022,158000
TCD,2023,15450
TCD,2024,1326000
TGO,2010,50000
TGO,2013,120
TGO,2015,5000
TGO,2017,50
TGO,2022,16000
TGO,2024,9
THA,2010,1000000
THA,2011,1645000
THA,2012,3400
THA,2013,13228
THA,2014,27173
THA,2015,240
THA,2016,90307
THA,2017,50180
THA,2018,4658
THA,2019,61910
THA,2020,13537
THA,2021,9436
THA,2022,22105
THA,2023,2741
THA,2024,41255
TJK,2010,875
TJK,2012,390
TJK,2014,457
TJK,2015,10000
TJK,2016,2400
TJK,2017,4670
TJK,2018,5400
TJK,2019,4800
TJK,2020,1500
TJK,2021,780
TJK,2022,254
TJK,2023,3190
TJK,2024,1020
TLS,2013,1294
TLS,2014,2333
TLS,2015,301
TLS,2016,112
TLS,2020,1177
TLS,2021,16000
TLS,2024,2062
TON,2012,400
TON,2013,17
TON,2014,5300
TON,2016,3000
TON,2018,5700
TON,2020,2700
TON,2024,29
TTO,2013,29
TTO,2017,200
TTO,2018,820
TTO,2019,48
TTO,2020,33
TTO,2022,40
TTO,2024,130
TUN,2015,120
TUN,2017,990
TUN,2018,3368
TUN,2019,32
TUN,2020,10000
TUN,2021,1204
TUN,2022,2032
TUN,2023,2640
TUR,2010,200
TUR,2015,1500
TUR,2016,200
TUR,2018,628
TUR,2019,528
TUR,2020,1226
TUR,2021,84446
TUR,2022,5831
TUR,2023,5641
TUR,2024,8444
TUV,2015,5400
TUV,2020,200
TWN,2012,6000
TWN,2013,22020
TWN,2014,9400
TWN,2015,27170
TWN,2016,43600
TWN,2017,20601
TWN,2018,17900
TWN,2019,13211
TWN,2020,3555
TWN,2021,10660
TWN,2022,1710
TWN,2023,17499
TWN,2024,38000
TZA,2011,22000
TZA,2012,10000
TZA,2014,13650
TZA,2015,3500
TZA,2016,25800
TZA,2017,1890
TZA,2018,26320
TZA,2019,10710
TZA,2020,56711
TZA,2021,47140
TZA,2022,4210
TZA,2023,45650
TZA,2024,91152
UGA,2011,6400
UGA,2012,220
UGA,2013,30000
UGA,2014,50160
UGA,2015,600
UGA,2016,1300
UGA,2017,95070
UGA,2018,164561
UGA,2019,90260
UGA,2020,70384
UGA,2021,46719
UGA,2022,33478
UGA,2023,49959
UGA,2024,97796
UKR,2013,600
UKR,2016,130
UKR,2020,2030
UKR,2021,2010
UKR,2022,1
UKR,2023,602
UKR,2024,755
URY,2013,1000
URY,2014,4940
URY,2015,24000
URY,2016,12250
URY,2017,9170
URY,2018,301
URY,2019,21550
URY,2020,364
URY,2021,152
URY,2022,791
URY,2023,4321
URY,2024,19967
USA,2011,52070
USA,2012,901624
USA,2013,187022
USA,2014,34157
USA,2015,63403
USA,2016,1125931
USA,2017,1581301
USA,2018,1244611
USA,2019,916444
USA,2020,1715088
USA,2021,572132
USA,2022,674039
USA,2023,200420
USA,2024,10999688
UZB,2020,70000
UZB,2022,168
UZB,2024,360
VCT,2010,100
VCT,2013,2300
VCT,2016,630
VCT,2017,20
VCT,2019,230
VCT,2022,3
VCT,2023,150
VCT,2024,1800
VEN,2010,102000
VEN,2012,1000
VEN,2015,45180
VEN,2016,226
VEN,2017,2100
VEN,2018,31708
VEN,2019,320
VEN,2020,2338
VEN,2021,32200
VEN,2022,13369
VEN,2023,734
VEN,2024,2882
VGB,2017,6000
VIR,2017,2290
VNM,2010,442500
VNM,2011,230000
VNM,2012,15000
VNM,2013,1040500
VNM,2014,68000
VNM,2015,9515
VNM,2016,79657
VNM,2017,634655
VNM,2018,143273
VNM,2019,89266
VNM,2020,1264553
VNM,2021,779271
VNM,2022,353134
VNM,2023,68844
VNM,2024,284390
VUT,2011,400
VUT,2012,700
VUT,2013,69
VUT,2014,350
VUT,2015,65000
VUT,2017,3390
VUT,2018,670
VUT,2019,1000
VUT,2020,80000
VUT,2022,382
VUT,2023,67900
WSM,2012,7700
WSM,2014,86
WSM,2015,960
WSM,2016,63
WSM,2018,330
WSM,2020,55
WSM,2022,14
WSM,2023,14
XKX,2013,1000
XKX,2016,10
XKX,2021,70
XKX,2022,116
XKX,2023,1040
YEM,2010,1000
YEM,2013,10040
YEM,2015,83000
YEM,2016,45340
YEM,2017,13
YEM,2018,22000
YEM,2019,31772
YEM,2020,223140
YEM,2021,84030
YEM,2022,171200
YEM,2023,240192
YEM,2024,492647
ZAF,2010,6000
ZAF,2011,52000
ZAF,2012,2000
ZAF,2013,17720
ZAF,2014,3500
ZAF,2015,14
ZAF,2016,12200
ZAF,2017,14668
ZAF,2018,2058
ZAF,2019,5144
ZAF,2020,374
ZAF,2021,10273
ZAF,2022,61200
ZAF,2023,20374
ZAF,2024,36488
ZMB,2010,150
ZMB,2013,5500
ZMB,2014,25930
ZMB,2015,25
ZMB,2017,2824
ZMB,2018,21
ZMB,2019,1353
ZMB,2020,7260
ZMB,2021,1353
ZMB,2022,3600
ZMB,2023,9377
ZMB,2024,168445
ZWE,2013,44000
ZWE,2014,22514
ZWE,2015,800
ZWE,2016,400
ZWE,2017,10300
ZWE,2018,1066
ZWE,2019,52400
ZWE,2020,3905
ZWE,2021,2314
ZWE,2022,1270
ZWE,2023,691
ZWE,2024,92337
